{
  "10th St & Penn Ave": [40.4446526, -79.9960739],
  "17th St & Penn Ave": [40.449626305176, -79.985917857967],
  "21st St & Penn Ave": [40.4518, -79.9833],
  "42nd St & Butler St": [40.470221, -79.96038],
  "52nd St & Butler St": [40.48028273139, -79.954286567054],
  "7th St & Penn Ave": [40.44341903815, -80.000310591541],
  "Allegheny Station": [40.448301, -80.018007],
  "Allequippa St & Darragh St": [40.443591, -79.965456],
  "Atwood St & Bates St": [40.43798695407, -79.953704527698],
  "Bedford Ave & Memory Ln": [40.448360812221, -79.978268197856],
  "Bennett St & N Homewood Ave": [40.456622024067, -79.897503196881],
  "Boulevard of the Allies & Parkview Ave": [40.4344, -79.9519],
  "Brighton Rd & Pennsylvania Ave": [40.456402410385, -80.015392652831],
  "Burns White Center at 3 Crossings": [40.4564, -79.98],
  "Butler St & 36th St": [40.4652642, -79.965652],
  "Centre Ave & Addison St": [40.4446, -79.9783],
  "Centre Ave & Heldman St": [40.442841351456, -79.981615594707],
  "Coltart Ave & Forbes Ave": [40.439011755121, -79.960292033038],
  "Eliza Furnace Trail & Swineburne St": [40.4258, -79.9534],
  "Eliza St & Lytle St": [40.413480983822, -79.948254278979],
  "Ellsworth Ave & N Neville St": [40.448203, -79.947507],
  "Fifth Ave & S Bouquet St": [40.4422, -79.9576],
  "First Ave & B St": [40.435922, -79.997551],
  "Forbes Ave & Market Square": [40.4407732, -80.0033121],
  "Forbes Ave & Schenley Dr": [40.4433, -79.9528],
  "Forbes Ave at TCS Hall (CMU Campus)": [40.444654005418, -79.947535446963],
  "Glasshouse": [40.4329, -80.003],
  "Hamilton Ave & Fifth Ave": [40.457569790831, -79.909952334247],
  "Ivy St & Walnut St": [40.451781, -79.932253],
  "Liberty Ave & Gross St": [40.4595877, -79.9452035],
  "Liberty Ave & Stanwix St": [40.4412, -80.0048],
  "N Braddock Ave & Hamilton Ave": [40.453010361202, -79.891203693233],
  "N Dithridge St & Centre Ave": [40.451281, -79.952982],
  "North Shore Trail & Fort Duquesne Bridge": [40.4458, -80.0091],
  "O'Hara St and University Place": [40.445117, -79.957118],
  "Penn Ave & 33rd St": [40.462, -79.9683],
  "Penn Ave & Putnam St (Bakery Square)": [40.4559, -79.9153],
  "Penn Ave & S Pacific Ave": [40.4646, -79.9399],
  "Penn Ave & S Whitfield St": [40.4616, -79.9257],
  "Pierce St & Summerlea St": [40.456506677801, -79.932330594307],
  "Rosetta St & N Aiken Ave": [40.467018295065, -79.935232154212],
  "Ross St & Fourth Ave": [40.437700623188, -79.996480677771],
  "S 12th St & E Carson St": [40.428599702923, -79.98637115129],
  "S 22nd St & Sidney St": [40.429212221211, -79.974534562907],
  "S 27th St & Sidney St. (Southside Works)": [40.4279908, -79.9662964],
  "S Bouquet Ave & Sennott St": [40.441638, -79.955764],
  "S Millvale Ave & Centre Ave": [40.453426723029, -79.947460345111],
  "S Negley Ave & Centre Ave": [40.4573163, -79.9343309],
  "Schenley Dr & Schenley Dr Ext": [40.4423713, -79.9516881],
  "Second Ave & Tecumseh St": [40.408857293612, -79.943683794818],
  "Shady Ave & Ellsworth Ave": [40.4591811, -79.9219961],
  "South Side Trail & S 4th St": [40.431336, -79.995106],
  "Taylor St & Liberty Ave": [40.462778, -79.950868],
  "Technology Dr & Bates St": [40.430512783211, -79.95998894342],
  "Tioga St & N Homewood Ave": [40.454226388905, -79.897544413353],
  "W North Ave & Federal St": [40.455267664496, -80.007123402438],
  "W Ohio St & Brighton Rd": [40.452467454161, -80.01387184032],
  "W Station Square Dr & Bessemer Court": [40.4338, -80.0047],
  "Wilkinsburg Park & Ride": [40.446907507045, -79.88864486583],
  "Zulema St & Coltart Ave": [40.436055, -79.956827]
}
